{
    "report_id": "report_01ab3c25-2b0c-4331-8868-84edc3053bb8",
    "proj_name": "BLogger Project",
    "base_url": "https://base-url.url",
    "env": "prod",
    "worker": null,
    "start_time": "2025-10-10 18:35:45",
    "end_time": "2025-10-10 18:36:14",
    "duration": "0:00:29",
    "report_ids": {
        "master": "report_c55dcc28-33ff-4bce-8a2a-7c317aa0c06e"
    },
    "run_results": {
        "PASSED": 3,
        "FAILED": 2,
        "BROKEN": 1,
        "SKIPPED": 0,
        "NONE": 0
    },
    "modules": {
        "tests\\test_main.py": {
            "results": {
                "PASSED": 3,
                "FAILED": 2,
                "BROKEN": 1,
                "SKIPPED": 0,
                "NONE": 0
            },
            "tests": {
                "test_main_functionality": [
                    {
                        "module": "tests\\test_main.py",
                        "name": "test_main_functionality",
                        "originalname": "test_main_functionality",
                        "status": "PASSED",
                        "start_time": 1760110548.3414,
                        "duration": 0.01,
                        "description": "Test with base functionality, this description can be modified inside the test\n\nThis description will also be added",
                        "info": {
                            "FIXTURES": "_verify_url, delete_output_dir, base_url, pytestconfig, some_fixture, request",
                            "INFO EXPLANATION": "You can leave any useful information by using blog.info()",
                            "META": {
                                "platform": "linux",
                                "python_version": 3.12
                            },
                            "links": {
                                "FIRST LINK": "<a href=http://aaa.com>http://aaa.com</a>",
                                "SECOND LINK": "<a href=http://bbb.com>http://bbb.com</a>",
                                "THIRD LINK": "<a href=http://ccc.com>http://ccc.com</a>"
                            },
                            "STEP PARAM 1": 53,
                            "STEP PARAM 2": 71
                        },
                        "attachments": [
                            {
                                "name": "stdout.txt",
                                "type_": "text/plain"
                            }
                        ],
                        "known_bugs": [
                            {
                                "url": "https://link-to-your-bug/1.com",
                                "description": "Test Bug 1"
                            },
                            {
                                "url": null,
                                "description": "Test Bug 2"
                            },
                            {
                                "url": "https://link-to-your-bug/3.com",
                                "description": null
                            }
                        ],
                        "steps": "steps_2891fe56-1814-4cf2-b9df-8422e7c3d42d",
                        "error": null,
                        "stacktrace": null
                    }
                ],
                "test_parametrized": [
                    {
                        "module": "tests\\test_main.py",
                        "name": "test_parametrized[111-222]",
                        "originalname": "test_parametrized",
                        "status": "PASSED",
                        "start_time": 1760110548.4574,
                        "duration": 0.0,
                        "description": null,
                        "info": {
                            "PARAMETERS": {
                                "py_param_1": 111,
                                "py_param_2": 222
                            },
                            "FIXTURES": "_verify_url, delete_output_dir, base_url, pytestconfig, py_param_1, py_param_2, request"
                        },
                        "attachments": [
                            {
                                "name": "stdout_1.txt",
                                "type_": "text/plain"
                            }
                        ],
                        "known_bugs": null,
                        "steps": "steps_d0a7523b-4c52-4cd0-87f9-69fb3c51e27e",
                        "error": null,
                        "stacktrace": null
                    },
                    {
                        "module": "tests\\test_main.py",
                        "name": "test_parametrized[333-444]",
                        "originalname": "test_parametrized",
                        "status": "FAILED",
                        "start_time": 1760110548.4885,
                        "duration": 0.05,
                        "description": null,
                        "info": {
                            "PARAMETERS": {
                                "py_param_1": 333,
                                "py_param_2": 444
                            },
                            "FIXTURES": "_verify_url, delete_output_dir, base_url, pytestconfig, py_param_1, py_param_2, request"
                        },
                        "attachments": [
                            {
                                "name": "stdout_2.txt",
                                "type_": "text/plain"
                            }
                        ],
                        "known_bugs": null,
                        "steps": "steps_ca91b670-d701-4a92-acba-b74d55d00aaf",
                        "error": "AssertionError: assert 333 in [111, 444]",
                        "stacktrace": "py_param_1 = 333, py_param_2 = 444\n\n    @pytest.mark.parametrize('py_param_1, py_param_2', [(111, 222), (333, 444)])  # <-- These parameters will be added to test automatically\n    def test_parametrized(py_param_1, py_param_2):\n        with blog.step('Step 1'):\n            with blog.step('Step 2'):\n                with blog.step('Step 3', 'Step is expected to fail'):\n                    blog.print(py_param_1)\n                    with blog.step('Step 4'):\n                        blog.print(py_param_2)\n>                   assert py_param_1 in [111, 444]\nE                   assert 333 in [111, 444]\n\ntest_main.py:81: AssertionError"
                    }
                ],
                "test_selenium_with_set_browser": [
                    {
                        "module": "tests\\test_main.py",
                        "name": "test_selenium_with_set_browser",
                        "originalname": "test_selenium_with_set_browser",
                        "status": "FAILED",
                        "start_time": 1760110548.7996,
                        "duration": 4.03,
                        "description": "This test will make browser screenshot as we did blog.set_browser. We can also do it in \"selenium_driver\" fixture",
                        "info": {
                            "FIXTURES": "_verify_url, delete_output_dir, base_url, pytestconfig, selenium_driver, request",
                            "RUN REQUIREMENT": "To run this test you'll need to download chromedriver and put it in your python folder"
                        },
                        "attachments": [
                            {
                                "name": "err_scr_test_selenium_with_set_browser.png",
                                "type_": "image/png"
                            },
                            {
                                "name": "log.txt",
                                "type_": "text/plain"
                            }
                        ],
                        "known_bugs": null,
                        "steps": "steps_ed8774f4-5561-426b-a420-29e0c27fe741",
                        "error": "AssertionError: assert 1 == 2",
                        "stacktrace": "selenium_driver = <selenium.webdriver.chrome.webdriver.WebDriver (session=\"c8f88283525f77ec9054ea47e9083dff\")>\n\n    @blog.description('This test will make browser screenshot as we did blog.set_browser. '\n                      'We can also do it in \"selenium_driver\" fixture')\n    @blog.info(run_requirement='To run this test you\\'ll need to download chromedriver and put it in your python folder')\n    def test_selenium_with_set_browser(selenium_driver):\n        blog.set_browser(selenium_driver)\n    \n        with blog.step('Open any URL'):\n            selenium_driver.get(f'https://google.com')\n    \n            with blog.step('Raise fake error to check error screenshot'):\n>               assert 1 == 2\nE               assert 1 == 2\n\ntest_main.py:110: AssertionError"
                    }
                ],
                "test_selenium_without_set_browser": [
                    {
                        "module": "tests\\test_main.py",
                        "name": "test_selenium_without_set_browser",
                        "originalname": "test_selenium_without_set_browser",
                        "status": "BROKEN",
                        "start_time": 1760110557.7979,
                        "duration": 2.14,
                        "description": "This test will also make browser screenshot as it found driver automatically based on the following possible browser instance fixture names: [\"driver\", \"page\", \"selenium_driver\", \"driver_init\", \"playwright_page\"]",
                        "info": {
                            "FIXTURES": "_verify_url, delete_output_dir, base_url, pytestconfig, selenium_driver, request",
                            "MARKERS": [
                                {
                                    "smoke": "weed, every=day"
                                }
                            ],
                            "RUN REQUIREMENT": "To run this test you'll need to download chromedriver and put it in your python folder"
                        },
                        "attachments": [
                            {
                                "name": "err_scr_test_selenium_without_set_browser.png",
                                "type_": "image/png"
                            },
                            {
                                "name": "log_1.txt",
                                "type_": "text/plain"
                            }
                        ],
                        "known_bugs": null,
                        "steps": "steps_2c5a6dc0-78ef-48fb-b47c-0f7a6bec8e61",
                        "error": "NameError: name 'empty_variable' is not defined",
                        "stacktrace": "selenium_driver = <selenium.webdriver.chrome.webdriver.WebDriver (session=\"1b5ded5ef5318cce542e9ed122dfde79\")>\n\n    @blog.description('This test will also make browser screenshot as it '\n                      'found driver automatically '\n                      'based on the following possible browser instance fixture names: '\n                      '[\"driver\", \"page\", \"selenium_driver\", \"driver_init\", \"playwright_page\"]')\n    @pytest.mark.smoke('weed', every='day')\n    def test_selenium_without_set_browser(selenium_driver):  #  <-- Will be detected automatically\n        blog.info(run_requirement='To run this test you\\'ll need to download chromedriver and put it in your python folder')\n    \n        with blog.step('Open any URL'):\n            selenium_driver.get(f'https://google.com')\n    \n            with blog.step('Raise fake error to check error screenshot'):\n>               print(empty_variable)\n                      ^^^^^^^^^^^^^^\nE               NameError: name 'empty_variable' is not defined\n\ntest_main.py:125: NameError"
                    }
                ],
                "test_playwright": [
                    {
                        "module": "tests\\test_main.py",
                        "name": "test_playwright",
                        "originalname": "test_playwright",
                        "status": "PASSED",
                        "start_time": 1760110563.5301,
                        "duration": 10.6,
                        "description": null,
                        "info": {
                            "FIXTURES": "_verify_url, delete_output_dir, base_url, pytestconfig, playwright, playwright_page, request",
                            "MARKERS": [
                                {
                                    "xfail": ""
                                }
                            ]
                        },
                        "attachments": null,
                        "known_bugs": null,
                        "steps": "steps_5135dde4-297a-4bc1-988d-3288239fd355",
                        "error": "playwright._impl._errors.Error: BrowserType.launch: Executable doesn't exist at C:\\Users\\Serg P\\AppData\\Local\\ms-playwright\\chromium_headless_shell-1187\\chrome-win\\headless_shell.exe\n\u2554\u2550\u2550\u2550\u2550\u2550\u2550\u2550\u2550\u2550\u2550\u2550\u2550\u2550\u2550\u2550\u2550\u2550\u2550\u2550\u2550\u2550\u2550\u2550\u2550\u2550\u2550\u2550\u2550\u2550\u2550\u2550\u2550\u2550\u2550\u2550\u2550\u2550\u2550\u2550\u2550\u2550\u2550\u2550\u2550\u2550\u2550\u2550\u2550\u2550\u2550\u2550\u2550\u2550\u2550\u2550\u2550\u2550\u2550\u2550\u2550\u2557\n\u2551 Looks like Playwright was just installed or updated.       \u2551\n\u2551 Please run the following command to download new browsers: \u2551\n\u2551                                                            \u2551\n\u2551     playwright install                                     \u2551\n\u2551                                                            \u2551\n\u2551 <3 Playwright Team                                         \u2551\n\u255a\u2550\u2550\u2550\u2550\u2550\u2550\u2550\u2550\u2550\u2550\u2550\u2550\u2550\u2550\u2550\u2550\u2550\u2550\u2550\u2550\u2550\u2550\u2550\u2550\u2550\u2550\u2550\u2550\u2550\u2550\u2550\u2550\u2550\u2550\u2550\u2550\u2550\u2550\u2550\u2550\u2550\u2550\u2550\u2550\u2550\u2550\u2550\u2550\u2550\u2550\u2550\u2550\u2550\u2550\u2550\u2550\u2550\u2550\u2550\u2550\u255d",
                        "stacktrace": "playwright = <playwright._impl._playwright.Playwright object at 0x00000235A3F5BA70>\n\n    @pytest.fixture()\n    def playwright_page(playwright: Playwright):\n>       browser = playwright.chromium.launch(headless=True)\n                  ^^^^^^^^^^^^^^^^^^^^^^^^^^^^^^^^^^^^^^^^^\n\ntest_main.py:130: \n_ _ _ _ _ _ _ _ _ _ _ _ _ _ _ _ _ _ _ _ _ _ _ _ _ _ _ _ _ _ _ _ _ _ _ _ _ _ _ _\n..\\.venv\\Lib\\site-packages\\playwright\\sync_api\\_generated.py:14502: in launch\n    self._sync(\n..\\.venv\\Lib\\site-packages\\playwright\\_impl\\_browser_type.py:98: in launch\n    await self._channel.send(\n..\\.venv\\Lib\\site-packages\\playwright\\_impl\\_connection.py:69: in send\n    return await self._connection.wrap_api_call(\n_ _ _ _ _ _ _ _ _ _ _ _ _ _ _ _ _ _ _ _ _ _ _ _ _ _ _ _ _ _ _ _ _ _ _ _ _ _ _ _\n\nself = <playwright._impl._connection.Connection object at 0x00000235A3F58DD0>\ncb = <function Channel.send.<locals>.<lambda> at 0x00000235A3FB96C0>\nis_internal = False, title = None\n\n    async def wrap_api_call(\n        self, cb: Callable[[], Any], is_internal: bool = False, title: str = None\n    ) -> Any:\n        if self._api_zone.get():\n            return await cb()\n        task = asyncio.current_task(self._loop)\n        st: List[inspect.FrameInfo] = getattr(\n            task, \"__pw_stack__\", None\n        ) or inspect.stack(0)\n    \n        parsed_st = _extract_stack_trace_information_from_stack(st, is_internal, title)\n        self._api_zone.set(parsed_st)\n        try:\n            return await cb()\n        except Exception as error:\n>           raise rewrite_error(error, f\"{parsed_st['apiName']}: {error}\") from None\nE           playwright._impl._errors.Error: BrowserType.launch: Executable doesn't exist at C:\\Users\\Serg P\\AppData\\Local\\ms-playwright\\chromium_headless_shell-1187\\chrome-win\\headless_shell.exe\nE           \u2554\u2550\u2550\u2550\u2550\u2550\u2550\u2550\u2550\u2550\u2550\u2550\u2550\u2550\u2550\u2550\u2550\u2550\u2550\u2550\u2550\u2550\u2550\u2550\u2550\u2550\u2550\u2550\u2550\u2550\u2550\u2550\u2550\u2550\u2550\u2550\u2550\u2550\u2550\u2550\u2550\u2550\u2550\u2550\u2550\u2550\u2550\u2550\u2550\u2550\u2550\u2550\u2550\u2550\u2550\u2550\u2550\u2550\u2550\u2550\u2550\u2557\nE           \u2551 Looks like Playwright was just installed or updated.       \u2551\nE           \u2551 Please run the following command to download new browsers: \u2551\nE           \u2551                                                            \u2551\nE           \u2551     playwright install                                     \u2551\nE           \u2551                                                            \u2551\nE           \u2551 <3 Playwright Team                                         \u2551\nE           \u255a\u2550\u2550\u2550\u2550\u2550\u2550\u2550\u2550\u2550\u2550\u2550\u2550\u2550\u2550\u2550\u2550\u2550\u2550\u2550\u2550\u2550\u2550\u2550\u2550\u2550\u2550\u2550\u2550\u2550\u2550\u2550\u2550\u2550\u2550\u2550\u2550\u2550\u2550\u2550\u2550\u2550\u2550\u2550\u2550\u2550\u2550\u2550\u2550\u2550\u2550\u2550\u2550\u2550\u2550\u2550\u2550\u2550\u2550\u2550\u2550\u255d\n\n..\\.venv\\Lib\\site-packages\\playwright\\_impl\\_connection.py:558: Error"
                    }
                ]
            }
        }
    }
}