{
    "report_id": "report_68f6fdd1-a21b-46c4-8399-8f88a928dc50",
    "proj_name": "BLogger Project",
    "base_url": "https://base-url.url",
    "env": "prod",
    "worker": null,
    "start_time": "2025-10-28 22:14:38",
    "end_time": "2025-10-28 22:14:54",
    "duration": "0:00:16",
    "report_ids": {
        "master": "report_54706b40-b0ce-48d3-bae1-fe661347b93f"
    },
    "run_results": {
        "PASSED": 3,
        "FAILED": 2,
        "BROKEN": 1,
        "SKIPPED": 0,
        "NONE": 0
    },
    "modules": {
        "tests\\test_main.py": {
            "results": {
                "PASSED": 3,
                "FAILED": 2,
                "BROKEN": 1,
                "SKIPPED": 0,
                "NONE": 0
            },
            "tests": {
                "test_main_functionality": [
                    {
                        "module": "tests\\test_main.py",
                        "name": "test_main_functionality",
                        "originalname": "test_main_functionality",
                        "status": "PASSED",
                        "start_time": 1761678880.2866,
                        "duration": 0.0,
                        "description": "Test with base functionality, this description can be modified inside the test\n\nThis description will also be added",
                        "info": {
                            "FIXTURES": "_verify_url, delete_output_dir, base_url, pytestconfig, some_fixture, request",
                            "INFO EXPLANATION": "You can leave any useful information by using blog.info()",
                            "META": {
                                "platform": "linux",
                                "python_version": 3.12
                            },
                            "links": {
                                "FIRST LINK": "<a href=http://aaa.com>http://aaa.com</a>",
                                "SECOND LINK": "<a href=http://bbb.com>http://bbb.com</a>",
                                "THIRD LINK": "<a href=http://ccc.com>http://ccc.com</a>"
                            },
                            "STEP PARAM 1": 56,
                            "STEP PARAM 2": 14
                        },
                        "attachments": [
                            {
                                "name": "stdout.txt",
                                "type_": "text/plain"
                            }
                        ],
                        "known_bugs": [
                            {
                                "url": "https://link-to-your-bug/1.com",
                                "description": "Test Bug 1"
                            },
                            {
                                "url": null,
                                "description": "Test Bug 2"
                            },
                            {
                                "url": "https://link-to-your-bug/3.com",
                                "description": null
                            }
                        ],
                        "steps": "steps_ea6b1daf-e15d-4063-996e-59bdbe092149",
                        "error": null,
                        "stacktrace": null
                    }
                ],
                "test_parametrized": [
                    {
                        "module": "tests\\test_main.py",
                        "name": "test_parametrized[111-222]",
                        "originalname": "test_parametrized",
                        "status": "PASSED",
                        "start_time": 1761678880.3487,
                        "duration": 0.0,
                        "description": null,
                        "info": {
                            "PARAMETERS": {
                                "py_param_1": 111,
                                "py_param_2": 222
                            },
                            "FIXTURES": "_verify_url, delete_output_dir, base_url, pytestconfig, py_param_1, py_param_2, request"
                        },
                        "attachments": [
                            {
                                "name": "stdout_1.txt",
                                "type_": "text/plain"
                            }
                        ],
                        "known_bugs": null,
                        "steps": "steps_b9340d41-081f-4c29-8e7f-923c3d027fb1",
                        "error": null,
                        "stacktrace": null
                    },
                    {
                        "module": "tests\\test_main.py",
                        "name": "test_parametrized[333-444]",
                        "originalname": "test_parametrized",
                        "status": "FAILED",
                        "start_time": 1761678880.3567,
                        "duration": 0.0,
                        "description": null,
                        "info": {
                            "PARAMETERS": {
                                "py_param_1": 333,
                                "py_param_2": 444
                            },
                            "FIXTURES": "_verify_url, delete_output_dir, base_url, pytestconfig, py_param_1, py_param_2, request"
                        },
                        "attachments": [
                            {
                                "name": "stdout_2.txt",
                                "type_": "text/plain"
                            }
                        ],
                        "known_bugs": null,
                        "steps": "steps_32b18236-6fed-4ea7-82b2-c4ddd626a2ec",
                        "error": "AssertionError: assert 333 in [111, 444]",
                        "stacktrace": "py_param_1 = 333, py_param_2 = 444\n\n    @pytest.mark.parametrize('py_param_1, py_param_2', [(111, 222), (333, 444)])  # <-- These parameters will be added to test automatically\n    def test_parametrized(py_param_1, py_param_2):\n        with blog.step('Step 1'):\n            with blog.step('Step 2'):\n                with blog.step('Step 3', 'Step is expected to fail'):\n                    blog.print(py_param_1)\n                    with blog.step('Step 4'):\n                        blog.print(py_param_2)\n>                   assert py_param_1 in [111, 444]\nE                   assert 333 in [111, 444]\n\ntest_main.py:83: AssertionError"
                    }
                ],
                "test_selenium_with_set_browser": [
                    {
                        "module": "tests\\test_main.py",
                        "name": "test_selenium_with_set_browser",
                        "originalname": "test_selenium_with_set_browser",
                        "status": "FAILED",
                        "start_time": 1761678880.5813,
                        "duration": 2.84,
                        "description": "This test will make browser screenshot as we did blog.set_browser. We can also do it in \"selenium_driver\" fixture",
                        "info": {
                            "FIXTURES": "_verify_url, delete_output_dir, base_url, pytestconfig, selenium_driver, request",
                            "RUN REQUIREMENT": "To run this test you'll need to download chromedriver and put it in your python folder"
                        },
                        "attachments": [
                            {
                                "name": "excel_file.xlsx",
                                "type_": "application/octet-stream"
                            },
                            {
                                "name": "pdf_file.pdf",
                                "type_": "application/pdf"
                            },
                            {
                                "name": "text_file.txt",
                                "type_": "text/plain"
                            },
                            {
                                "name": "err_scr_test_selenium_with_set_browser.png",
                                "type_": "image/png"
                            }
                        ],
                        "known_bugs": null,
                        "steps": "steps_28770b4b-7483-4335-9ff5-16a3049d56ba",
                        "error": "AssertionError: assert 1 == 2",
                        "stacktrace": "selenium_driver = <selenium.webdriver.chrome.webdriver.WebDriver (session=\"8eaa91f7bce27931afface2db3795a64\")>\n\n    @blog.description('This test will make browser screenshot as we did blog.set_browser. '\n                      'We can also do it in \"selenium_driver\" fixture')\n    @blog.info(run_requirement='To run this test you\\'ll need to download chromedriver and put it in your python folder')\n    def test_selenium_with_set_browser(selenium_driver):\n        blog.set_browser(selenium_driver)\n    \n        excel_bytes = (\n            b'PK\\x03\\x04\\x14\\x00\\x00\\x00\\x08\\x00\\xbb\\x9c\\xb2Z\\x07AMb\\x81\\x00\\x00\\x00\\xa1\\x00\\x00\\x00\\x10\\x00\\x00\\x00'\n            b'[Content_Types].xml\\x8d\\x92\\xcbj\\xc30\\x10E\\xf7}\\x8a\\xdd\\xd3$\\x08\\x82\\x9d\\xb4\\xf5\\r\\xea\\xce\\xd4R\\xd3\\x0e'\n            b'H\\x92\\xd2\\xb4\\xb7\\x1b\\xb2$<\\x7f\\x1f\\xe4\\xed\\x1e\\x02\\x19\\xd2\\xa4\\x89B\\x88\\x93p\\x8f\\xf4\\xabW]\\xe9b\\xa7\\x17'\n            b'q\\xa4k\\xb2\\xc4\\xa1\\xd8\\xaa\\xf7\\x1cA\\xde\\xa6\\xc4\\x9d\\xa8\\x8aS\\x98\\xc1\\xf3\\xa0\\xdb\\x04v\\x91\\xf5\\xf9\\x15\\xda'\n            b'\\x12Y\\x08\\x15\\xf5\\xc4\\xb6qf\\xae\\x89p\\x84\\xf6\\xa0$\\xd2\\xc1\\xbd\\xb8J\\xd0\\xa8\\xae\\xb8\\x02\\xfa\\xa9a\\xf9\\xf8'\n            b'\\x8f\\xf6\\x90\\x8a\\x8d\\xd8\\xba\\x80\\xd4\\xef\\xa7\\x1f\\x00PK\\x03\\x04\\x14\\x00\\x00\\x00\\x08\\x00\\xbb\\x9c\\xb2Z\\xb7O'\n            b'\\xe3\\xdcM\\x01\\x00\\x00\\xda\\x02\\x00\\x00\\x13\\x00\\x00\\x00xl/_rels/workbook.xml.rels\\x8d\\x92\\xc1J\\xc30\\x10E\\xf7'\n            b'\\x7fE\\xf7\\xa9$\\x08\\x82\\xbd\\xb4\\xf5\\rZ\\xd7\\xb6\\x89\\xae\\x04\\x1b\\xb7\\x9c\\xf4\\xb6E\\xb2\\xb1H\\xf2\\xe1\\x87\\x9f'\n            b'\\x03cJb\\xb2p$\\xf5\\x8b\\x8b\\x95\\xfa\\x9a\\xf7\\x19\\xea\\x94m\\xb6\\x08\\xd1\\xc5\\xa3\\xce\\x80\\xb8\\x02\\x99\\x9a\\xf4\\xc6'\n            b'\\x8a\\xa8m\\x18\\x96!\\xc3\\xfd\\xab\\xe8\\xa5\\xa6\\xed\\xa5\\xb2d\\xb4\\x80\\xd4\\xb4R\\x9d\\xf5q\\xc6\\x1f\\xdb\\x97\\xd7\\xd6'\n            b'\\x7f\\xd1\\xdaR\\xda\\xd6\\xf4\\x0fPK\\x03\\x04\\x14\\x00\\x00\\x00\\x08\\x00\\xbb\\x9c\\xb2Z\\xab\\xb1\\x90\\x0b\\x14\\x01\\x00'\n            b'\\x00\\xcb\\x02\\x00\\x00\\x10\\x00\\x00\\x00xl/workbook.xml\\x8d\\x92M\\x8b\\xc30\\x10E\\xf7\\xbd\\x8a\\xdd\\xd3$\\x08\\x82\\x9d'\n            b'\\xb4\\xf5\\r\\xa2\\xce\\xd4R\\xd3\\x0eH\\x92\\xd2\\xb4\\xb7\\x1b\\xb2$<\\x7f\\x1f\\xe4\\xed\\x1e\\x02\\x19\\xd2\\xa4\\x89B\\x88'\n            b'\\x93p\\x8f\\xf4\\xabW]\\xe9b\\xa7\\x17q\\xa4k\\xb2\\xc4\\xa1\\xd8\\xaa\\xf7\\x1cA\\xde\\xa6\\xc4\\x9d\\xa8\\x8aS\\x98\\xc1\\xf3'\n            b'\\xa0\\xdb\\x04v\\x91\\xf5\\xf9\\x15\\xda\\x12Y\\x08\\x15\\xf5\\xc4\\xb6qf\\xae\\x89p\\x84\\xf6\\xa0$\\xd2\\xc1\\xbd\\xb8J\\xd0'\n            b'\\xa8\\xae\\xb8\\x02\\xfa\\xa9a\\xf9\\xf8\\x8f\\xf6\\x90\\x8a\\x8d\\xd8\\xba\\x80\\xd4\\xef\\xa7\\x1f\\x00PK\\x01\\x02\\x14\\x03'\n        )\n        blog.attach(excel_bytes, 'excel_file.xlsx')\n    \n        blog.attach(Path(r\"D:\\SLAI\\Docs\\OPTION 2 Rent a ComfyUI Server.pdf\"), 'pdf_file')\n        blog.attach('a', 'text_file')\n    \n        with blog.step('Open any URL'):\n            selenium_driver.get(f'https://en.wikipedia.org/wiki/Jalape%C3%B1o')\n    \n            with blog.step('Raise fake error to check error screenshot'):\n>               assert 1 == 2\nE               assert 1 == 2\n\ntest_main.py:135: AssertionError"
                    }
                ],
                "test_selenium_without_set_browser": [
                    {
                        "module": "tests\\test_main.py",
                        "name": "test_selenium_without_set_browser",
                        "originalname": "test_selenium_without_set_browser",
                        "status": "BROKEN",
                        "start_time": 1761678887.2569,
                        "duration": 2.12,
                        "description": "This test will also make browser screenshot as it found driver automatically based on the following possible browser instance fixture names: [\"driver\", \"page\", \"selenium_driver\", \"driver_init\", \"playwright_page\"]",
                        "info": {
                            "FIXTURES": "_verify_url, delete_output_dir, base_url, pytestconfig, selenium_driver, request",
                            "MARKERS": [
                                {
                                    "smoke": "420, every=day"
                                }
                            ],
                            "RUN REQUIREMENT": "To run this test you'll need to download chromedriver and put it in your python folder"
                        },
                        "attachments": [
                            {
                                "name": "err_scr_test_selenium_without_set_browser.png",
                                "type_": "image/png"
                            }
                        ],
                        "known_bugs": null,
                        "steps": "steps_20c7c326-ce34-471a-bf27-96b038a3263f",
                        "error": "NameError: name 'empty_variable' is not defined",
                        "stacktrace": "selenium_driver = <selenium.webdriver.chrome.webdriver.WebDriver (session=\"dbd1e94e97ed35e3c3cafa9d99b04f26\")>\n\n    @blog.description('This test will also make browser screenshot as it '\n                      'found driver automatically '\n                      'based on the following possible browser instance fixture names: '\n                      '[\"driver\", \"page\", \"selenium_driver\", \"driver_init\", \"playwright_page\"]')\n    @pytest.mark.smoke('420', every='day')\n    def test_selenium_without_set_browser(selenium_driver):  #  <-- Will be detected automatically\n        blog.info(run_requirement='To run this test you\\'ll need to download chromedriver and put it in your python folder')\n    \n        with blog.step('Open any URL'):\n            selenium_driver.get(f'https://google.com')\n    \n            with blog.step('Raise fake error to check error screenshot'):\n>               print(empty_variable)\n                      ^^^^^^^^^^^^^^\nE               NameError: name 'empty_variable' is not defined\n\ntest_main.py:150: NameError"
                    }
                ],
                "test_playwright": [
                    {
                        "module": "tests\\test_main.py",
                        "name": "test_playwright",
                        "originalname": "test_playwright",
                        "status": "PASSED",
                        "start_time": 1761678893.1116,
                        "duration": 1.15,
                        "description": null,
                        "info": {
                            "FIXTURES": "_verify_url, delete_output_dir, base_url, pytestconfig, playwright, playwright_page, request",
                            "MARKERS": [
                                {
                                    "xfail": ""
                                }
                            ]
                        },
                        "attachments": null,
                        "known_bugs": null,
                        "steps": "steps_bda6a71b-9b01-4bf1-8794-e9b3a091ca18",
                        "error": "playwright._impl._errors.Error: BrowserType.launch: Executable doesn't exist at C:\\Users\\Serg P\\AppData\\Local\\ms-playwright\\chromium_headless_shell-1187\\chrome-win\\headless_shell.exe\n\u2554\u2550\u2550\u2550\u2550\u2550\u2550\u2550\u2550\u2550\u2550\u2550\u2550\u2550\u2550\u2550\u2550\u2550\u2550\u2550\u2550\u2550\u2550\u2550\u2550\u2550\u2550\u2550\u2550\u2550\u2550\u2550\u2550\u2550\u2550\u2550\u2550\u2550\u2550\u2550\u2550\u2550\u2550\u2550\u2550\u2550\u2550\u2550\u2550\u2550\u2550\u2550\u2550\u2550\u2550\u2550\u2550\u2550\u2550\u2550\u2550\u2557\n\u2551 Looks like Playwright was just installed or updated.       \u2551\n\u2551 Please run the following command to download new browsers: \u2551\n\u2551                                                            \u2551\n\u2551     playwright install                                     \u2551\n\u2551                                                            \u2551\n\u2551 <3 Playwright Team                                         \u2551\n\u255a\u2550\u2550\u2550\u2550\u2550\u2550\u2550\u2550\u2550\u2550\u2550\u2550\u2550\u2550\u2550\u2550\u2550\u2550\u2550\u2550\u2550\u2550\u2550\u2550\u2550\u2550\u2550\u2550\u2550\u2550\u2550\u2550\u2550\u2550\u2550\u2550\u2550\u2550\u2550\u2550\u2550\u2550\u2550\u2550\u2550\u2550\u2550\u2550\u2550\u2550\u2550\u2550\u2550\u2550\u2550\u2550\u2550\u2550\u2550\u2550\u255d",
                        "stacktrace": "playwright = <playwright._impl._playwright.Playwright object at 0x000001961A3E3B90>\n\n    @pytest.fixture()\n    def playwright_page(playwright: Playwright):\n>       browser = playwright.chromium.launch(headless=True)\n                  ^^^^^^^^^^^^^^^^^^^^^^^^^^^^^^^^^^^^^^^^^\n\ntest_main.py:155: \n_ _ _ _ _ _ _ _ _ _ _ _ _ _ _ _ _ _ _ _ _ _ _ _ _ _ _ _ _ _ _ _ _ _ _ _ _ _ _ _\n..\\.venv\\Lib\\site-packages\\playwright\\sync_api\\_generated.py:14502: in launch\n    self._sync(\n..\\.venv\\Lib\\site-packages\\playwright\\_impl\\_browser_type.py:98: in launch\n    await self._channel.send(\n..\\.venv\\Lib\\site-packages\\playwright\\_impl\\_connection.py:69: in send\n    return await self._connection.wrap_api_call(\n_ _ _ _ _ _ _ _ _ _ _ _ _ _ _ _ _ _ _ _ _ _ _ _ _ _ _ _ _ _ _ _ _ _ _ _ _ _ _ _\n\nself = <playwright._impl._connection.Connection object at 0x0000019619F3A390>\ncb = <function Channel.send.<locals>.<lambda> at 0x000001961A45C680>\nis_internal = False, title = None\n\n    async def wrap_api_call(\n        self, cb: Callable[[], Any], is_internal: bool = False, title: str = None\n    ) -> Any:\n        if self._api_zone.get():\n            return await cb()\n        task = asyncio.current_task(self._loop)\n        st: List[inspect.FrameInfo] = getattr(\n            task, \"__pw_stack__\", None\n        ) or inspect.stack(0)\n    \n        parsed_st = _extract_stack_trace_information_from_stack(st, is_internal, title)\n        self._api_zone.set(parsed_st)\n        try:\n            return await cb()\n        except Exception as error:\n>           raise rewrite_error(error, f\"{parsed_st['apiName']}: {error}\") from None\nE           playwright._impl._errors.Error: BrowserType.launch: Executable doesn't exist at C:\\Users\\Serg P\\AppData\\Local\\ms-playwright\\chromium_headless_shell-1187\\chrome-win\\headless_shell.exe\nE           \u2554\u2550\u2550\u2550\u2550\u2550\u2550\u2550\u2550\u2550\u2550\u2550\u2550\u2550\u2550\u2550\u2550\u2550\u2550\u2550\u2550\u2550\u2550\u2550\u2550\u2550\u2550\u2550\u2550\u2550\u2550\u2550\u2550\u2550\u2550\u2550\u2550\u2550\u2550\u2550\u2550\u2550\u2550\u2550\u2550\u2550\u2550\u2550\u2550\u2550\u2550\u2550\u2550\u2550\u2550\u2550\u2550\u2550\u2550\u2550\u2550\u2557\nE           \u2551 Looks like Playwright was just installed or updated.       \u2551\nE           \u2551 Please run the following command to download new browsers: \u2551\nE           \u2551                                                            \u2551\nE           \u2551     playwright install                                     \u2551\nE           \u2551                                                            \u2551\nE           \u2551 <3 Playwright Team                                         \u2551\nE           \u255a\u2550\u2550\u2550\u2550\u2550\u2550\u2550\u2550\u2550\u2550\u2550\u2550\u2550\u2550\u2550\u2550\u2550\u2550\u2550\u2550\u2550\u2550\u2550\u2550\u2550\u2550\u2550\u2550\u2550\u2550\u2550\u2550\u2550\u2550\u2550\u2550\u2550\u2550\u2550\u2550\u2550\u2550\u2550\u2550\u2550\u2550\u2550\u2550\u2550\u2550\u2550\u2550\u2550\u2550\u2550\u2550\u2550\u2550\u2550\u2550\u255d\n\n..\\.venv\\Lib\\site-packages\\playwright\\_impl\\_connection.py:558: Error"
                    }
                ]
            }
        }
    }
}