{
    "report_id": "report_090ecaa7-d75d-4ae3-ad53-64f436a6264f",
    "proj_name": "BLogger Project",
    "base_url": "https://base-url.url",
    "env": "prod",
    "worker": null,
    "start_time": "2025-06-10 11:30:25",
    "end_time": "2025-06-10 11:30:56",
    "duration": "0:00:31",
    "report_ids": {
        "master": "report_26c85752-9771-4b41-a743-a010229d8918"
    },
    "run_results": {
        "PASSED": 3,
        "FAILED": 2,
        "BROKEN": 1,
        "SKIPPED": 0,
        "NONE": 0
    },
    "modules": {
        "tests\\test_main.py": {
            "results": {
                "PASSED": 3,
                "FAILED": 2,
                "BROKEN": 1,
                "SKIPPED": 0,
                "NONE": 0
            },
            "tests": {
                "test_main_functionality": [
                    {
                        "module": "tests\\test_main.py",
                        "name": "test_main_functionality",
                        "originalname": "test_main_functionality",
                        "status": "PASSED",
                        "start_time": 1759739426.9472,
                        "duration": 0.0,
                        "description": "Test with base functionality, this description can be modified inside the test\n\nThis description will also be added",
                        "info": {
                            "FIXTURES": "_verify_url, delete_output_dir, base_url, pytestconfig, some_fixture, request",
                            "INFO EXPLANATION": "You can leave any useful information by using blog.info()",
                            "META": {
                                "platform": "linux",
                                "python_version": 3.12
                            },
                            "links": {
                                "FIRST LINK": "<a href=http://aaa.com>http://aaa.com</a>",
                                "SECOND LINK": "<a href=http://bbb.com>http://bbb.com</a>",
                                "THIRD LINK": "<a href=http://ccc.com>http://ccc.com</a>"
                            },
                            "STEP PARAM 1": 52,
                            "STEP PARAM 2": 2
                        },
                        "attachments": [
                            {
                                "name": "stdout.txt",
                                "type_": "text/plain"
                            }
                        ],
                        "known_bugs": [
                            {
                                "url": "https://link-to-your-bug/1.com",
                                "description": "Known Bug Description or Name"
                            },
                            {
                                "url": "https://link-to-your-bug/2.com",
                                "description": null
                            }
                        ],
                        "steps": "steps_72bd03ff-2527-403b-890c-7e37bba87ca3",
                        "error": null,
                        "stacktrace": null
                    }
                ],
                "test_parametrized": [
                    {
                        "module": "tests\\test_main.py",
                        "name": "test_parametrized[111-222]",
                        "originalname": "test_parametrized",
                        "status": "PASSED",
                        "start_time": 1759739426.9644,
                        "duration": 0.0,
                        "description": null,
                        "info": {
                            "PARAMETERS": [
                                {
                                    "py_param_1": 111
                                },
                                {
                                    "py_param_2": 222
                                }
                            ],
                            "FIXTURES": "_verify_url, delete_output_dir, base_url, pytestconfig, py_param_1, py_param_2, request"
                        },
                        "attachments": [
                            {
                                "name": "stdout_1.txt",
                                "type_": "text/plain"
                            }
                        ],
                        "known_bugs": null,
                        "steps": "steps_91661b78-2bb8-40b7-873d-801f44230430",
                        "error": null,
                        "stacktrace": null
                    },
                    {
                        "module": "tests\\test_main.py",
                        "name": "test_parametrized[333-444]",
                        "originalname": "test_parametrized",
                        "status": "FAILED",
                        "start_time": 1759739426.9719,
                        "duration": 0.01,
                        "description": null,
                        "info": {
                            "PARAMETERS": [
                                {
                                    "py_param_1": 333
                                },
                                {
                                    "py_param_2": 444
                                }
                            ],
                            "FIXTURES": "_verify_url, delete_output_dir, base_url, pytestconfig, py_param_1, py_param_2, request"
                        },
                        "attachments": [
                            {
                                "name": "stdout_2.txt",
                                "type_": "text/plain"
                            }
                        ],
                        "known_bugs": null,
                        "steps": "steps_439d1454-2cc3-403d-9697-d125eb379fb0",
                        "error": "AssertionError: assert 333 in [111, 444]",
                        "stacktrace": "py_param_1 = 333, py_param_2 = 444\n\n    @pytest.mark.parametrize('py_param_1, py_param_2', [(111, 222), (333, 444)])  # <-- These parameters will be added to test automatically\n    def test_parametrized(py_param_1, py_param_2):\n        with blog.step('Step 1'):\n            with blog.step('Step 2'):\n                with blog.step('Step 3', 'Step is expected to fail'):\n                    blog.print(py_param_1)\n                    with blog.step('Step 4'):\n                        blog.print(py_param_2)\n>                   assert py_param_1 in [111, 444]\nE                   assert 333 in [111, 444]\n\ntest_main.py:84: AssertionError"
                    }
                ],
                "test_selenium_with_set_browser": [
                    {
                        "module": "tests\\test_main.py",
                        "name": "test_selenium_with_set_browser",
                        "originalname": "test_selenium_with_set_browser",
                        "status": "FAILED",
                        "start_time": 1759739427.2945,
                        "duration": 5.89,
                        "description": "This test will make browser screenshot as we did blog.set_browser. We can also do it in \"selenium_driver\" fixture",
                        "info": {
                            "FIXTURES": "_verify_url, delete_output_dir, base_url, pytestconfig, selenium_driver, request",
                            "RUN REQUIREMENT": "To run this test you'll need to download chromedriver and put it in your python folder"
                        },
                        "attachments": [
                            {
                                "name": "err_scr_test_selenium_with_set_browser.png",
                                "type_": "image/png"
                            },
                            {
                                "name": "log.txt",
                                "type_": "text/plain"
                            }
                        ],
                        "known_bugs": null,
                        "steps": "steps_0c07d210-cccd-4180-9c12-4a64e605fc1d",
                        "error": "AssertionError: assert 1 == 2",
                        "stacktrace": "selenium_driver = <selenium.webdriver.chrome.webdriver.WebDriver (session=\"7c3e7cee8f3f884b3cc8cc9796a09b67\")>\n\n    @blog.description('This test will make browser screenshot as we did blog.set_browser. '\n                      'We can also do it in \"selenium_driver\" fixture')\n    @blog.info(run_requirement='To run this test you\\'ll need to download chromedriver and put it in your python folder')\n    def test_selenium_with_set_browser(selenium_driver):\n        blog.set_browser(selenium_driver)\n    \n        with blog.step('Open any URL'):\n            selenium_driver.get(f'https://google.com')\n    \n            with blog.step('Raise fake error to check error screenshot'):\n>               assert 1 == 2\nE               assert 1 == 2\n\ntest_main.py:113: AssertionError"
                    }
                ],
                "test_selenium_without_set_browser": [
                    {
                        "module": "tests\\test_main.py",
                        "name": "test_selenium_without_set_browser",
                        "originalname": "test_selenium_without_set_browser",
                        "status": "BROKEN",
                        "start_time": 1759739441.9648,
                        "duration": 7.03,
                        "description": "This test will also make browser screenshot as it found driver automatically based on the following possible browser instance fixture names: [\"driver\", \"page\", \"selenium_driver\", \"driver_init\", \"playwright_page\"]",
                        "info": {
                            "FIXTURES": "_verify_url, delete_output_dir, base_url, pytestconfig, selenium_driver, request",
                            "MARKERS": [
                                {
                                    "smoke": "weed, every=day"
                                }
                            ],
                            "RUN REQUIREMENT": "To run this test you'll need to download chromedriver and put it in your python folder"
                        },
                        "attachments": [
                            {
                                "name": "err_scr_test_selenium_without_set_browser.png",
                                "type_": "image/png"
                            },
                            {
                                "name": "log_1.txt",
                                "type_": "text/plain"
                            }
                        ],
                        "known_bugs": null,
                        "steps": "steps_8753dc36-a285-4381-8d3a-4bd79055be78",
                        "error": "NameError: name 'empty_variable' is not defined",
                        "stacktrace": "selenium_driver = <selenium.webdriver.chrome.webdriver.WebDriver (session=\"577192949afbeee4c2f7fe36c60b47f5\")>\n\n    @blog.description('This test will also make browser screenshot as it '\n                      'found driver automatically '\n                      'based on the following possible browser instance fixture names: '\n                      '[\"driver\", \"page\", \"selenium_driver\", \"driver_init\", \"playwright_page\"]')\n    @pytest.mark.smoke('weed', every='day')\n    def test_selenium_without_set_browser(selenium_driver):  #  <-- Will be detected automatically\n        blog.info(run_requirement='To run this test you\\'ll need to download chromedriver and put it in your python folder')\n    \n        with blog.step('Open any URL'):\n            selenium_driver.get(f'https://google.com')\n    \n            with blog.step('Raise fake error to check error screenshot'):\n>               print(empty_variable)\n                      ^^^^^^^^^^^^^^\nE               NameError: name 'empty_variable' is not defined\n\ntest_main.py:128: NameError"
                    }
                ],
                "test_playwright": [
                    {
                        "module": "tests\\test_main.py",
                        "name": "test_playwright",
                        "originalname": "test_playwright",
                        "status": "PASSED",
                        "start_time": 1759739454.066,
                        "duration": 1.85,
                        "description": null,
                        "info": {
                            "FIXTURES": "_verify_url, delete_output_dir, base_url, pytestconfig, playwright, playwright_page, request",
                            "MARKERS": [
                                {
                                    "xfail": ""
                                }
                            ]
                        },
                        "attachments": null,
                        "known_bugs": null,
                        "steps": "steps_78a3d3c5-1e40-4993-97e9-3dc644bea53f",
                        "error": "playwright._impl._errors.Error: BrowserType.launch: Executable doesn't exist at C:\\Users\\Serg P\\AppData\\Local\\ms-playwright\\chromium_headless_shell-1187\\chrome-win\\headless_shell.exe\n\u2554\u2550\u2550\u2550\u2550\u2550\u2550\u2550\u2550\u2550\u2550\u2550\u2550\u2550\u2550\u2550\u2550\u2550\u2550\u2550\u2550\u2550\u2550\u2550\u2550\u2550\u2550\u2550\u2550\u2550\u2550\u2550\u2550\u2550\u2550\u2550\u2550\u2550\u2550\u2550\u2550\u2550\u2550\u2550\u2550\u2550\u2550\u2550\u2550\u2550\u2550\u2550\u2550\u2550\u2550\u2550\u2550\u2550\u2550\u2550\u2550\u2557\n\u2551 Looks like Playwright was just installed or updated.       \u2551\n\u2551 Please run the following command to download new browsers: \u2551\n\u2551                                                            \u2551\n\u2551     playwright install                                     \u2551\n\u2551                                                            \u2551\n\u2551 <3 Playwright Team                                         \u2551\n\u255a\u2550\u2550\u2550\u2550\u2550\u2550\u2550\u2550\u2550\u2550\u2550\u2550\u2550\u2550\u2550\u2550\u2550\u2550\u2550\u2550\u2550\u2550\u2550\u2550\u2550\u2550\u2550\u2550\u2550\u2550\u2550\u2550\u2550\u2550\u2550\u2550\u2550\u2550\u2550\u2550\u2550\u2550\u2550\u2550\u2550\u2550\u2550\u2550\u2550\u2550\u2550\u2550\u2550\u2550\u2550\u2550\u2550\u2550\u2550\u2550\u255d",
                        "stacktrace": "playwright = <playwright._impl._playwright.Playwright object at 0x000001EFA69FBB30>\n\n    @pytest.fixture()\n    def playwright_page(playwright: Playwright):\n>       browser = playwright.chromium.launch(headless=True)\n                  ^^^^^^^^^^^^^^^^^^^^^^^^^^^^^^^^^^^^^^^^^\n\ntest_main.py:133: \n_ _ _ _ _ _ _ _ _ _ _ _ _ _ _ _ _ _ _ _ _ _ _ _ _ _ _ _ _ _ _ _ _ _ _ _ _ _ _ _\n..\\.venv\\Lib\\site-packages\\playwright\\sync_api\\_generated.py:14502: in launch\n    self._sync(\n..\\.venv\\Lib\\site-packages\\playwright\\_impl\\_browser_type.py:98: in launch\n    await self._channel.send(\n..\\.venv\\Lib\\site-packages\\playwright\\_impl\\_connection.py:69: in send\n    return await self._connection.wrap_api_call(\n_ _ _ _ _ _ _ _ _ _ _ _ _ _ _ _ _ _ _ _ _ _ _ _ _ _ _ _ _ _ _ _ _ _ _ _ _ _ _ _\n\nself = <playwright._impl._connection.Connection object at 0x000001EFA686A4B0>\ncb = <function Channel.send.<locals>.<lambda> at 0x000001EFA69FF4C0>\nis_internal = False, title = None\n\n    async def wrap_api_call(\n        self, cb: Callable[[], Any], is_internal: bool = False, title: str = None\n    ) -> Any:\n        if self._api_zone.get():\n            return await cb()\n        task = asyncio.current_task(self._loop)\n        st: List[inspect.FrameInfo] = getattr(\n            task, \"__pw_stack__\", None\n        ) or inspect.stack(0)\n    \n        parsed_st = _extract_stack_trace_information_from_stack(st, is_internal, title)\n        self._api_zone.set(parsed_st)\n        try:\n            return await cb()\n        except Exception as error:\n>           raise rewrite_error(error, f\"{parsed_st['apiName']}: {error}\") from None\nE           playwright._impl._errors.Error: BrowserType.launch: Executable doesn't exist at C:\\Users\\Serg P\\AppData\\Local\\ms-playwright\\chromium_headless_shell-1187\\chrome-win\\headless_shell.exe\nE           \u2554\u2550\u2550\u2550\u2550\u2550\u2550\u2550\u2550\u2550\u2550\u2550\u2550\u2550\u2550\u2550\u2550\u2550\u2550\u2550\u2550\u2550\u2550\u2550\u2550\u2550\u2550\u2550\u2550\u2550\u2550\u2550\u2550\u2550\u2550\u2550\u2550\u2550\u2550\u2550\u2550\u2550\u2550\u2550\u2550\u2550\u2550\u2550\u2550\u2550\u2550\u2550\u2550\u2550\u2550\u2550\u2550\u2550\u2550\u2550\u2550\u2557\nE           \u2551 Looks like Playwright was just installed or updated.       \u2551\nE           \u2551 Please run the following command to download new browsers: \u2551\nE           \u2551                                                            \u2551\nE           \u2551     playwright install                                     \u2551\nE           \u2551                                                            \u2551\nE           \u2551 <3 Playwright Team                                         \u2551\nE           \u255a\u2550\u2550\u2550\u2550\u2550\u2550\u2550\u2550\u2550\u2550\u2550\u2550\u2550\u2550\u2550\u2550\u2550\u2550\u2550\u2550\u2550\u2550\u2550\u2550\u2550\u2550\u2550\u2550\u2550\u2550\u2550\u2550\u2550\u2550\u2550\u2550\u2550\u2550\u2550\u2550\u2550\u2550\u2550\u2550\u2550\u2550\u2550\u2550\u2550\u2550\u2550\u2550\u2550\u2550\u2550\u2550\u2550\u2550\u2550\u2550\u255d\n\n..\\.venv\\Lib\\site-packages\\playwright\\_impl\\_connection.py:558: Error"
                    }
                ]
            }
        }
    }
}