{
    "report_id": "report_9530df3d-33c8-4523-bf2f-1c73054bb4cb",
    "proj_name": "BLogger Project",
    "base_url": "https://base-url.url",
    "env": "prod",
    "worker": null,
    "start_time": "2025-11-09 06:38:25",
    "end_time": "2025-11-09 06:38:52",
    "duration": "0:00:27",
    "report_ids": {
        "master": "report_225ed06a-cc9b-4779-86b6-5261f688fc15"
    },
    "run_results": {
        "PASSED": 3,
        "FAILED": 2,
        "BROKEN": 1,
        "SKIPPED": 0,
        "NONE": 0
    },
    "modules": {
        "tests\\test_main.py": {
            "results": {
                "PASSED": 3,
                "FAILED": 2,
                "BROKEN": 1,
                "SKIPPED": 0,
                "NONE": 0
            },
            "tests": {
                "test_main_functionality": [
                    {
                        "module": "tests\\test_main.py",
                        "name": "test_main_functionality",
                        "originalname": "test_main_functionality",
                        "status": "PASSED",
                        "duration": 0.05,
                        "description": "Test with base functionality, this description can be modified inside the test\n\nThis description will also be added",
                        "info": {
                            "FIXTURES": "_verify_url, delete_output_dir, base_url, pytestconfig, some_fixture, request",
                            "INFO EXPLANATION": "You can leave any useful information by using blog.info()",
                            "META": {
                                "platform": "linux",
                                "python_version": 3.12
                            },
                            "LINKS": [
                                {
                                    "FIRST LINK": "<a href=http://aaa.com>http://aaa.com</a>",
                                    "SECOND LINK": "<a href=http://bbb.com>http://bbb.com</a>"
                                },
                                {
                                    "THIRD LINK": "<a href=http://ccc.com>http://ccc.com</a>"
                                }
                            ],
                            "STEP PARAM 1": 9,
                            "STEP PARAM 2": 87
                        },
                        "attachments": [
                            {
                                "name": "stdout.txt",
                                "type_": "text/plain"
                            }
                        ],
                        "known_bugs": [
                            {
                                "description": "Known Bug Description or Name",
                                "url": "https://link-to-your-bug/1.com"
                            },
                            {
                                "description": "Known Bug for a step",
                                "url": "https://link-to-your-bug/2.com"
                            }
                        ],
                        "steps": "steps_d8073c33-a77b-44d5-8989-94bac48db20a",
                        "error": null,
                        "stacktrace": null
                    }
                ],
                "test_parametrized": [
                    {
                        "module": "tests\\test_main.py",
                        "name": "test_parametrized[111-222]",
                        "originalname": "test_parametrized",
                        "status": "PASSED",
                        "duration": 0.0,
                        "description": null,
                        "info": {
                            "PARAMETERS": [
                                {
                                    "py_param_1": 111
                                },
                                {
                                    "py_param_2": 222
                                }
                            ],
                            "FIXTURES": "_verify_url, delete_output_dir, base_url, pytestconfig, py_param_1, py_param_2, request",
                            "MARKERS": "parametrize"
                        },
                        "attachments": [
                            {
                                "name": "stdout_1.txt",
                                "type_": "text/plain"
                            }
                        ],
                        "known_bugs": null,
                        "steps": "steps_535c66b4-90c0-4263-8cdd-f1a9233dd4b0",
                        "error": null,
                        "stacktrace": null
                    },
                    {
                        "module": "tests\\test_main.py",
                        "name": "test_parametrized[333-444]",
                        "originalname": "test_parametrized",
                        "status": "FAILED",
                        "duration": 0.0,
                        "description": null,
                        "info": {
                            "PARAMETERS": [
                                {
                                    "py_param_1": 333
                                },
                                {
                                    "py_param_2": 444
                                }
                            ],
                            "FIXTURES": "_verify_url, delete_output_dir, base_url, pytestconfig, py_param_1, py_param_2, request",
                            "MARKERS": "parametrize"
                        },
                        "attachments": [
                            {
                                "name": "stdout_2.txt",
                                "type_": "text/plain"
                            }
                        ],
                        "known_bugs": null,
                        "steps": "steps_49d076d0-4555-4b7c-a651-e409539fb77d",
                        "error": "AssertionError: assert 333 in [111, 444]",
                        "stacktrace": "py_param_1 = 333, py_param_2 = 444\n\n    @pytest.mark.parametrize('py_param_1, py_param_2', [(111, 222), (333, 444)])  # <-- These parameters will be added to test automatically\n    def test_parametrized(py_param_1, py_param_2):\n        with blog.step('Step 1'):\n            with blog.step('Step 2'):\n                with blog.step('Step 3', 'Step is expected to fail'):\n                    blog.print(py_param_1)\n                    with blog.step('Step 4'):\n                        blog.print(py_param_2)\n>                   assert py_param_1 in [111, 444]\nE                   assert 333 in [111, 444]\n\ntest_main.py:82: AssertionError"
                    }
                ],
                "test_selenium_with_set_browser": [
                    {
                        "module": "tests\\test_main.py",
                        "name": "test_selenium_with_set_browser",
                        "originalname": "test_selenium_with_set_browser",
                        "status": "FAILED",
                        "duration": 2.64,
                        "description": "This test will make browser screenshot as we did blog.set_browser. We can also do it in \"selenium_driver\" fixture",
                        "info": {
                            "FIXTURES": "_verify_url, delete_output_dir, base_url, pytestconfig, selenium_driver, request",
                            "RUN REQUIREMENT": "To run this test you'll need to download chromedriver and put it in your python folder"
                        },
                        "attachments": [
                            {
                                "name": "err_scr_test_selenium_with_set_browser.png",
                                "type_": "image/png"
                            }
                        ],
                        "known_bugs": null,
                        "steps": "steps_4224c596-45e2-42ae-bde9-17adffa84a46",
                        "error": "AssertionError: assert 1 == 2",
                        "stacktrace": "selenium_driver = <selenium.webdriver.chrome.webdriver.WebDriver (session=\"373e4a966dfc3e6a26c2ed46d8eb0e61\")>\n\n    @blog.description('This test will make browser screenshot as we did blog.set_browser. '\n                      'We can also do it in \"selenium_driver\" fixture')\n    @blog.info(run_requirement='To run this test you\\'ll need to download chromedriver and put it in your python folder')\n    def test_selenium_with_set_browser(selenium_driver):\n        blog.set_browser(selenium_driver)\n    \n        with blog.step('Open any URL'):\n            selenium_driver.get(f'https://google.com')\n    \n            with blog.step('Raise fake error to check error screenshot'):\n>               assert 1 == 2\nE               assert 1 == 2\n\ntest_main.py:111: AssertionError"
                    }
                ],
                "test_selenium_without_set_browser": [
                    {
                        "module": "tests\\test_main.py",
                        "name": "test_selenium_without_set_browser",
                        "originalname": "test_selenium_without_set_browser",
                        "status": "BROKEN",
                        "duration": 2.32,
                        "description": "This test will also make browser screenshot as it found driver automatically based on the following possible browser instance fixture names: [\"driver\", \"page\", \"selenium_driver\", \"driver_init\", \"playwright_page\"]",
                        "info": {
                            "FIXTURES": "_verify_url, delete_output_dir, base_url, pytestconfig, selenium_driver, request",
                            "RUN REQUIREMENT": "To run this test you'll need to download chromedriver and put it in your python folder"
                        },
                        "attachments": [
                            {
                                "name": "err_scr_test_selenium_without_set_browser.png",
                                "type_": "image/png"
                            }
                        ],
                        "known_bugs": null,
                        "steps": "steps_2ef448e9-56c8-45d0-8382-027d866973c0",
                        "error": "NameError: name 'empty_variable' is not defined",
                        "stacktrace": "selenium_driver = <selenium.webdriver.chrome.webdriver.WebDriver (session=\"e06a75f24cd727c045bb279717cb437b\")>\n\n    @blog.description('This test will also make browser screenshot as it '\n                      'found driver automatically '\n                      'based on the following possible browser instance fixture names: '\n                      '[\"driver\", \"page\", \"selenium_driver\", \"driver_init\", \"playwright_page\"]')\n    def test_selenium_without_set_browser(selenium_driver):  #  <-- Will be detected automatically\n    \n        blog.info(run_requirement='To run this test you\\'ll need to download chromedriver and put it in your python folder')\n    \n        with blog.step('Open any URL'):\n            selenium_driver.get(f'https://google.com')\n    \n            with blog.step('Raise fake error to check error screenshot'):\n>               print(empty_variable)\n                      ^^^^^^^^^^^^^^\nE               NameError: name 'empty_variable' is not defined\n\ntest_main.py:126: NameError"
                    }
                ],
                "test_playwright": [
                    {
                        "module": "tests\\test_main.py",
                        "name": "test_playwright",
                        "originalname": "test_playwright",
                        "status": "PASSED",
                        "duration": 4.79,
                        "description": null,
                        "info": {
                            "FIXTURES": "_verify_url, delete_output_dir, base_url, pytestconfig, playwright, playwright_page, request",
                            "MARKERS": "xfail"
                        },
                        "attachments": [
                            {
                                "name": "err_scr_test_playwright.png",
                                "type_": "image/png"
                            },
                            {
                                "name": "err_scr_test_playwright_1.png",
                                "type_": "image/png"
                            }
                        ],
                        "known_bugs": null,
                        "steps": "steps_495c74e2-7902-4256-aeb8-51f5997243b2",
                        "error": "NameError: name 'empty_variable' is not defined",
                        "stacktrace": "playwright_page = <Page url='https://www.google.com/?zx=1757587129714&no_sw_cr=1'>\n\n    @pytest.mark.xfail\n    def test_playwright(playwright_page):  #  <-- Will be detected automatically\n        with blog.step('Open any URL'):\n            playwright_page.goto(f'https://google.com')\n    \n            c2 = playwright_page.context.browser.new_context()\n            p2 = c2.new_page()\n            p2.bring_to_front()\n            p2.goto(f'https://en.wikipedia.org/wiki/Jalape%C3%B1o')\n    \n            with blog.step('Raise fake error to check error screenshot'):\n>               print(empty_variable)\n                      ^^^^^^^^^^^^^^\nE               NameError: name 'empty_variable' is not defined\n\ntest_main.py:156: NameError"
                    }
                ]
            }
        }
    }
}